author,video_url,title,caption,create_time_unix,create_date_utc,shares,comments,likes,subs,views_per_sub,num_views
bankerthichcode,https://www.tiktok.com/@bankerthichcode/video/7573978385748069639,,,,,,,,573700,,529.7K
bankerthichcode,https://www.tiktok.com/@bankerthichcode/video/7538098035327257864,,,,,,,,573700,,1.5M
bankerthichcode,https://www.tiktok.com/@bankerthichcode/video/7554383805675506962,,,,,,,,573700,,1.2M
bankerthichcode,https://www.tiktok.com/@bankerthichcode/video/7612643973269622037,,,,,,,,573700,,408.1K
bankerthichcode,https://www.tiktok.com/@bankerthichcode/video/7611918335776656661,,,,,,,,573700,,585.9K
bankerthichcode,https://www.tiktok.com/@bankerthichcode/video/7610784575698013460,,,,,,,,573700,,246.7K
bankerthichcode,https://www.tiktok.com/@bankerthichcode/video/7610043759929068821,,,,,,,,573700,,498.9K
bankerthichcode,https://www.tiktok.com/@bankerthichcode/video/7609675604186696981,,,,,,,,573700,,903.7K
bankerthichcode,https://www.tiktok.com/@bankerthichcode/video/7609193368551279892,,,,,,,,573700,,1.3M
bankerthichcode,https://www.tiktok.com/@bankerthichcode/video/7605595963176062228,,,,,,,,573700,,356.6K
bankerthichcode,https://www.tiktok.com/@bankerthichcode/video/7603977490352065812,,,,,,,,573700,,331.7K
bankerthichcode,https://www.tiktok.com/@bankerthichcode/video/7603348445637725461,,,,,,,,573700,,437K
bankerthichcode,https://www.tiktok.com/@bankerthichcode/video/7603012321505561877,,,,,,,,573700,,154.1K
bankerthichcode,https://www.tiktok.com/@bankerthichcode/video/7602990668499160341,,,,,,,,573700,,76.2K
bankerthichcode,https://www.tiktok.com/@bankerthichcode/video/7602990293373242645,,,,,,,,573700,,29.8K
bankerthichcode,https://www.tiktok.com/@bankerthichcode/video/7602277827559312660,,,,,,,,573700,,498K
bankerthichcode,https://www.tiktok.com/@bankerthichcode/video/7602238061275303189,,,,,,,,573700,,551.8K
bankerthichcode,https://www.tiktok.com/@bankerthichcode/video/7601877198664027412,,,,,,,,573700,,662.5K
bankerthichcode,https://www.tiktok.com/@bankerthichcode/video/7601875518333422869,,,,,,,,573700,,33.8K
bankerthichcode,https://www.tiktok.com/@bankerthichcode/video/7601162749213084948,,,,,,,,573700,,1.4M
bankerthichcode,https://www.tiktok.com/@bankerthichcode/video/7600754896492776725,,,,,,,,573700,,55.7K
bankerthichcode,https://www.tiktok.com/@bankerthichcode/video/7600398257256172820,,,,,,,,573700,,998.4K
bankerthichcode,https://www.tiktok.com/@bankerthichcode/video/7600027693874236692,,,,,,,,573700,,1.5M
bankerthichcode,https://www.tiktok.com/@bankerthichcode/video/7599918425024122132,,,,,,,,573700,,363.6K
bankerthichcode,https://www.tiktok.com/@bankerthichcode/video/7598919931249331477,,,,,,,,573700,,746.7K
bankerthichcode,https://www.tiktok.com/@bankerthichcode/video/7598531045671095573,,,,,,,,573700,,53.8K
bankerthichcode,https://www.tiktok.com/@bankerthichcode/video/7597809036402101525,,,,,,,,573700,,262.1K
bankerthichcode,https://www.tiktok.com/@bankerthichcode/video/7597424429559205141,,,,,,,,573700,,1.2M
bankerthichcode,https://www.tiktok.com/@bankerthichcode/video/7597423750862195988,,,,,,,,573700,,80.6K
bankerthichcode,https://www.tiktok.com/@bankerthichcode/video/7596732173059706133,,,,,,,,573700,,302.4K
bankerthichcode,https://www.tiktok.com/@bankerthichcode/video/7596279687115033876,,,,,,,,573700,,470.4K
bankerthichcode,https://www.tiktok.com/@bankerthichcode/video/7595421771877190932,,,,,,,,573700,,1.8M
bankerthichcode,https://www.tiktok.com/@bankerthichcode/video/7595213525451148565,,,,,,,,573700,,911.2K
bankerthichcode,https://www.tiktok.com/@bankerthichcode/video/7594827331139570964,,,,,,,,573700,,598.4K
bankerthichcode,https://www.tiktok.com/@bankerthichcode/video/7594471808716311828,,,,,,,,573700,,559.9K
bankerthichcode,https://www.tiktok.com/@bankerthichcode/video/7593726579239292181,,,,,,,,573700,,493.8K
bankerthichcode,https://www.tiktok.com/@bankerthichcode/video/7593378509532269845,,,,,,,,573700,,810.1K
bankerthichcode,https://www.tiktok.com/@bankerthichcode/video/7593308979900583188,,,,,,,,573700,,842.4K
bankerthichcode,https://www.tiktok.com/@bankerthichcode/video/7592988413012397333,,,,,,,,573700,,1.6M
bankerthichcode,https://www.tiktok.com/@bankerthichcode/video/7592663153524149524,,,,,,,,573700,,694.1K
bankerthichcode,https://www.tiktok.com/@bankerthichcode/video/7592233542470618389,,,,,,,,573700,,558.5K
bankerthichcode,https://www.tiktok.com/@bankerthichcode/video/7591507711255170324,,,,,,,,573700,,855.2K
bankerthichcode,https://www.tiktok.com/@bankerthichcode/video/7591021947841039623,,,,,,,,573700,,974.3K
bankerthichcode,https://www.tiktok.com/@bankerthichcode/video/7589516692842171666,,,,,,,,573700,,900.5K
bankerthichcode,https://www.tiktok.com/@bankerthichcode/video/7589255090234723602,,,,,,,,573700,,656.4K
bankerthichcode,https://www.tiktok.com/@bankerthichcode/video/7588535716955557140,,,,,,,,573700,,124.9K
bankerthichcode,https://www.tiktok.com/@bankerthichcode/video/7588031714505608466,,,,,,,,573700,,1.5M
bankerthichcode,https://www.tiktok.com/@bankerthichcode/photo/7587397655681174805,,,,,,,,573700,,77.3K
bankerthichcode,https://www.tiktok.com/@bankerthichcode/video/7587066343489277202,,,,,,,,573700,,316.1K
bankerthichcode,https://www.tiktok.com/@bankerthichcode/video/7585944444839447826,,,,,,,,573700,,455.1K
bankerthichcode,https://www.tiktok.com/@bankerthichcode/video/7585913734334385426,,,,,,,,573700,,473.7K
bankerthichcode,https://www.tiktok.com/@bankerthichcode/video/7585913305034673415,,,,,,,,573700,,260.8K
bankerthichcode,https://www.tiktok.com/@bankerthichcode/video/7585913032253951239,,,,,,,,573700,,129.5K
bankerthichcode,https://www.tiktok.com/@bankerthichcode/video/7585911834515983623,,,,,,,,573700,,36.1K
bankerthichcode,https://www.tiktok.com/@bankerthichcode/video/7585909296379120904,,,,,,,,573700,,29.1K
bankerthichcode,https://www.tiktok.com/@bankerthichcode/video/7584849127276678407,,,,,,,,573700,,569K
bankerthichcode,https://www.tiktok.com/@bankerthichcode/video/7584066722001472786,,,,,,,,573700,,177.9K
bankerthichcode,https://www.tiktok.com/@bankerthichcode/video/7584066636773149960,,,,,,,,573700,,7.2M
bankerthichcode,https://www.tiktok.com/@bankerthichcode/video/7583723123451858183,,,,,,,,573700,,747.1K
bankerthichcode,https://www.tiktok.com/@bankerthichcode/video/7583317990230347026,,,,,,,,573700,,1.9M
bankerthichcode,https://www.tiktok.com/@bankerthichcode/video/7581356389411458322,,,,,,,,573700,,1.5M
bankerthichcode,https://www.tiktok.com/@bankerthichcode/video/7580713771908205842,,,,,,,,573700,,951.9K
bankerthichcode,https://www.tiktok.com/@bankerthichcode/video/7580555082136161554,,,,,,,,573700,,823K
bankerthichcode,https://www.tiktok.com/@bankerthichcode/video/7580351898499288328,,,,,,,,573700,,697K
bankerthichcode,https://www.tiktok.com/@bankerthichcode/video/7580324279099608338,,,,,,,,573700,,315.3K
bankerthichcode,https://www.tiktok.com/@bankerthichcode/video/7579864482474691847,,,,,,,,573700,,71.7K
bankerthichcode,https://www.tiktok.com/@bankerthichcode/video/7579646525765160210,,,,,,,,573700,,292K
bankerthichcode,https://www.tiktok.com/@bankerthichcode/video/7579566643823512839,,,,,,,,573700,,1.1M
bankerthichcode,https://www.tiktok.com/@bankerthichcode/video/7577427492064021778,,,,,,,,573700,,468.1K
bankerthichcode,https://www.tiktok.com/@bankerthichcode/video/7577412831021190408,,,,,,,,573700,,1.6M
bankerthichcode,https://www.tiktok.com/@bankerthichcode/video/7576510381061983506,,,,,,,,573700,,427.8K
bankerthichcode,https://www.tiktok.com/@bankerthichcode/video/7576272362266512658,,,,,,,,573700,,314.7K
bankerthichcode,https://www.tiktok.com/@bankerthichcode/video/7575437582582975752,,,,,,,,573700,,317.7K
bankerthichcode,https://www.tiktok.com/@bankerthichcode/video/7575388482843970834,,,,,,,,573700,,519K
bankerthichcode,https://www.tiktok.com/@bankerthichcode/video/7574066123881155847,,,,,,,,573700,,149.3K
bankerthichcode,https://www.tiktok.com/@bankerthichcode/video/7574045244665138440,,,,,,,,573700,,1.9M
bankerthichcode,https://www.tiktok.com/@bankerthichcode/video/7573975136131370247,,,,,,,,573700,,90.5K
bankerthichcode,https://www.tiktok.com/@bankerthichcode/video/7573670651014270215,,,,,,,,573700,,234K
bankerthichcode,https://www.tiktok.com/@bankerthichcode/video/7573670195936447751,,,,,,,,573700,,39.1K
bankerthichcode,https://www.tiktok.com/@bankerthichcode/video/7573664827210583314,,,,,,,,573700,,1.1M
bankerthichcode,https://www.tiktok.com/@bankerthichcode/video/7572541491503992082,,,,,,,,573700,,1.1M
bankerthichcode,https://www.tiktok.com/@bankerthichcode/video/7572541448663452936,,,,,,,,573700,,544.6K
bankerthichcode,https://www.tiktok.com/@bankerthichcode/video/7572191451170360584,,,,,,,,573700,,180.4K
bankerthichcode,https://www.tiktok.com/@bankerthichcode/video/7572190566503566610,,,,,,,,573700,,2.1M
bankerthichcode,https://www.tiktok.com/@bankerthichcode/video/7571773657572314386,,,,,,,,573700,,692.4K
bankerthichcode,https://www.tiktok.com/@bankerthichcode/video/7571473321716354322,,,,,,,,573700,,109.5K
bankerthichcode,https://www.tiktok.com/@bankerthichcode/video/7571120581769252103,,,,,,,,573700,,441.2K
bankerthichcode,https://www.tiktok.com/@bankerthichcode/photo/7571076768535170322,,,,,,,,573700,,89.2K
bankerthichcode,https://www.tiktok.com/@bankerthichcode/video/7570709644151164168,,,,,,,,573700,,1.1M
bankerthichcode,https://www.tiktok.com/@bankerthichcode/video/7570347367099141394,,,,,,,,573700,,470.4K
bankerthichcode,https://www.tiktok.com/@bankerthichcode/video/7569972853538344199,,,,,,,,573700,,443.4K
bankerthichcode,https://www.tiktok.com/@bankerthichcode/video/7569970400868846855,,,,,,,,573700,,122.7K
bankerthichcode,https://www.tiktok.com/@bankerthichcode/video/7569596250698370322,,,,,,,,573700,,2.9M
bankerthichcode,https://www.tiktok.com/@bankerthichcode/video/7569594705797860615,,,,,,,,573700,,426.5K
bankerthichcode,https://www.tiktok.com/@bankerthichcode/video/7569265793913916690,,,,,,,,573700,,582.2K
bankerthichcode,https://www.tiktok.com/@bankerthichcode/video/7569143700819938567,,,,,,,,573700,,188.7K
bankerthichcode,https://www.tiktok.com/@bankerthichcode/video/7568369993285471495,,,,,,,,573700,,1.3M
bankerthichcode,https://www.tiktok.com/@bankerthichcode/video/7567371521736396039,,,,,,,,573700,,589.2K
bankerthichcode,https://www.tiktok.com/@bankerthichcode/video/7566880917608860946,,,,,,,,573700,,1.7M
bankerthichcode,https://www.tiktok.com/@bankerthichcode/video/7566870951661423880,,,,,,,,573700,,57.1K
bankerthichcode,https://www.tiktok.com/@bankerthichcode/video/7566870272913984776,,,,,,,,573700,,78.1K
bankerthichcode,https://www.tiktok.com/@bankerthichcode/video/7565173148216347922,,,,,,,,573700,,1.8M
bankerthichcode,https://www.tiktok.com/@bankerthichcode/video/7564352660401327368,,,,,,,,573700,,970.7K
bankerthichcode,https://www.tiktok.com/@bankerthichcode/video/7563687660280188178,,,,,,,,573700,,1.5M
bankerthichcode,https://www.tiktok.com/@bankerthichcode/video/7563675334453808402,,,,,,,,573700,,385.2K
bankerthichcode,https://www.tiktok.com/@bankerthichcode/video/7562177380119334162,,,,,,,,573700,,615.3K
bankerthichcode,https://www.tiktok.com/@bankerthichcode/video/7562175814456921352,,,,,,,,573700,,53.3K
bankerthichcode,https://www.tiktok.com/@bankerthichcode/video/7562172024068541703,,,,,,,,573700,,99K
bankerthichcode,https://www.tiktok.com/@bankerthichcode/video/7561832990200827144,,,,,,,,573700,,393.7K
bankerthichcode,https://www.tiktok.com/@bankerthichcode/video/7561363681792085256,,,,,,,,573700,,536.4K
bankerthichcode,https://www.tiktok.com/@bankerthichcode/video/7560686958142393608,,,,,,,,573700,,135.6K
bankerthichcode,https://www.tiktok.com/@bankerthichcode/video/7560653217554599176,,,,,,,,573700,,159.6K
bankerthichcode,https://www.tiktok.com/@bankerthichcode/video/7559924332810587399,,,,,,,,573700,,2.2M
bankerthichcode,https://www.tiktok.com/@bankerthichcode/video/7559557707452173575,,,,,,,,573700,,117.7K
bankerthichcode,https://www.tiktok.com/@bankerthichcode/video/7558497384628571410,,,,,,,,573700,,1.2M
bankerthichcode,https://www.tiktok.com/@bankerthichcode/video/7558496800198446354,,,,,,,,573700,,253.8K
bankerthichcode,https://www.tiktok.com/@bankerthichcode/video/7557750001212968199,,,,,,,,573700,,1.1M
bankerthichcode,https://www.tiktok.com/@bankerthichcode/video/7557747678281616648,,,,,,,,573700,,64.1K
bankerthichcode,https://www.tiktok.com/@bankerthichcode/video/7557698046218358034,,,,,,,,573700,,60.4K
bankerthichcode,https://www.tiktok.com/@bankerthichcode/video/7557359363174763794,,,,,,,,573700,,93.9K
bankerthichcode,https://www.tiktok.com/@bankerthichcode/video/7556641239001533704,,,,,,,,573700,,93.4K
bankerthichcode,https://www.tiktok.com/@bankerthichcode/video/7556240116432342280,,,,,,,,573700,,833K
bankerthichcode,https://www.tiktok.com/@bankerthichcode/video/7555518079137090824,,,,,,,,573700,,25.8K
bankerthichcode,https://www.tiktok.com/@bankerthichcode/video/7555509772259200274,,,,,,,,573700,,496.5K
bankerthichcode,https://www.tiktok.com/@bankerthichcode/video/7554391540295044370,,,,,,,,573700,,65.5K
bankerthichcode,https://www.tiktok.com/@bankerthichcode/video/7554383063573204242,,,,,,,,573700,,218K
bankerthichcode,https://www.tiktok.com/@bankerthichcode/video/7553649349243309319,,,,,,,,573700,,22.9K
bankerthichcode,https://www.tiktok.com/@bankerthichcode/video/7553640771161820434,,,,,,,,573700,,345.8K
bankerthichcode,https://www.tiktok.com/@bankerthichcode/video/7553263544616127762,,,,,,,,573700,,297K
bankerthichcode,https://www.tiktok.com/@bankerthichcode/video/7552176768510135560,,,,,,,,573700,,645K
bankerthichcode,https://www.tiktok.com/@bankerthichcode/video/7551482672795618578,,,,,,,,573700,,1.3M
bankerthichcode,https://www.tiktok.com/@bankerthichcode/video/7550193523518213384,,,,,,,,573700,,898.7K
bankerthichcode,https://www.tiktok.com/@bankerthichcode/video/7549590951220628754,,,,,,,,573700,,4.2M
bankerthichcode,https://www.tiktok.com/@bankerthichcode/video/7548874981032070418,,,,,,,,573700,,2M
bankerthichcode,https://www.tiktok.com/@bankerthichcode/video/7548405698451803410,,,,,,,,573700,,136.6K
bankerthichcode,https://www.tiktok.com/@bankerthichcode/video/7548404402214817042,,,,,,,,573700,,105.6K
bankerthichcode,https://www.tiktok.com/@bankerthichcode/video/7548395511640886536,,,,,,,,573700,,573.1K
bankerthichcode,https://www.tiktok.com/@bankerthichcode/video/7547402201757420808,,,,,,,,573700,,1.7M
bankerthichcode,https://www.tiktok.com/@bankerthichcode/video/7546912009728789767,,,,,,,,573700,,323.3K
bankerthichcode,https://www.tiktok.com/@bankerthichcode/video/7546903935513120007,,,,,,,,573700,,1.1M
bankerthichcode,https://www.tiktok.com/@bankerthichcode/video/7546599625872919815,,,,,,,,573700,,117.8K
bankerthichcode,https://www.tiktok.com/@bankerthichcode/video/7546599035939884295,,,,,,,,573700,,37.2K
bankerthichcode,https://www.tiktok.com/@bankerthichcode/video/7545390989939100935,,,,,,,,573700,,550.1K
bankerthichcode,https://www.tiktok.com/@bankerthichcode/video/7545182472884030738,,,,,,,,573700,,4.7M
bankerthichcode,https://www.tiktok.com/@bankerthichcode/video/7545157328199257352,,,,,,,,573700,,119.8K
bankerthichcode,https://www.tiktok.com/@bankerthichcode/video/7544970037900201234,,,,,,,,573700,,2M
bankerthichcode,https://www.tiktok.com/@bankerthichcode/video/7544734108891483410,,,,,,,,573700,,581.2K
bankerthichcode,https://www.tiktok.com/@bankerthichcode/video/7542365055480827144,,,,,,,,573700,,1.4M
bankerthichcode,https://www.tiktok.com/@bankerthichcode/video/7542013946975358216,,,,,,,,573700,,854.5K
bankerthichcode,https://www.tiktok.com/@bankerthichcode/video/7541811615423876359,,,,,,,,573700,,398.3K
bankerthichcode,https://www.tiktok.com/@bankerthichcode/video/7540257753546099976,,,,,,,,573700,,180.2K
bankerthichcode,https://www.tiktok.com/@bankerthichcode/video/7539474218354789639,,,,,,,,573700,,585K
bankerthichcode,https://www.tiktok.com/@bankerthichcode/video/7539448375381478674,,,,,,,,573700,,849.2K
bankerthichcode,https://www.tiktok.com/@bankerthichcode/video/7539202020490874120,,,,,,,,573700,,273.2K
bankerthichcode,https://www.tiktok.com/@bankerthichcode/video/7538863062036630802,,,,,,,,573700,,585.9K
bankerthichcode,https://www.tiktok.com/@bankerthichcode/video/7538433413720624402,,,,,,,,573700,,725.1K
bankerthichcode,https://www.tiktok.com/@bankerthichcode/video/7538432810583969032,,,,,,,,573700,,30.8K
bankerthichcode,https://www.tiktok.com/@bankerthichcode/video/7538432242524179720,,,,,,,,573700,,90.2K
bankerthichcode,https://www.tiktok.com/@bankerthichcode/video/7538099142376033554,,,,,,,,573700,,957.3K
bankerthichcode,https://www.tiktok.com/@bankerthichcode/video/7537688526658211079,,,,,,,,573700,,73.1K
bankerthichcode,https://www.tiktok.com/@bankerthichcode/video/7537685873979034888,,,,,,,,573700,,2.6M
bankerthichcode,https://www.tiktok.com/@bankerthichcode/video/7537339796243418375,,,,,,,,573700,,101.3K
bankerthichcode,https://www.tiktok.com/@bankerthichcode/video/7536909208801791239,,,,,,,,573700,,312.8K
bankerthichcode,https://www.tiktok.com/@bankerthichcode/video/7536603019056663816,,,,,,,,573700,,57.1K
bankerthichcode,https://www.tiktok.com/@bankerthichcode/video/7536602540733959442,,,,,,,,573700,,1.8M
bankerthichcode,https://www.tiktok.com/@bankerthichcode/video/7536186998101593351,,,,,,,,573700,,392.7K
bankerthichcode,https://www.tiktok.com/@bankerthichcode/video/7536186795831151890,,,,,,,,573700,,121.5K
bankerthichcode,https://www.tiktok.com/@bankerthichcode/video/7536181592595729671,,,,,,,,573700,,40.2K
bankerthichcode,https://www.tiktok.com/@bankerthichcode/video/7535023044771843335,,,,,,,,573700,,389.1K
bankerthichcode,https://www.tiktok.com/@bankerthichcode/video/7534769704242613511,,,,,,,,573700,,250.3K
bankerthichcode,https://www.tiktok.com/@bankerthichcode/video/7534768404046023943,,,,,,,,573700,,297.8K
bankerthichcode,https://www.tiktok.com/@bankerthichcode/video/7533859877689642258,,,,,,,,573700,,761.6K
bankerthichcode,https://www.tiktok.com/@bankerthichcode/video/7532821891980053767,,,,,,,,573700,,105.7K
bankerthichcode,https://www.tiktok.com/@bankerthichcode/video/7532820321800326418,,,,,,,,573700,,792.7K
bankerthichcode,https://www.tiktok.com/@bankerthichcode/video/7532142336927681799,,,,,,,,573700,,562.3K
bankerthichcode,https://www.tiktok.com/@bankerthichcode/video/7531436594943823112,,,,,,,,573700,,338.9K
bankerthichcode,https://www.tiktok.com/@bankerthichcode/video/7531435591788006664,,,,,,,,573700,,134.7K
bankerthichcode,https://www.tiktok.com/@bankerthichcode/video/7531288064203689234,,,,,,,,573700,,601.4K
bankerthichcode,https://www.tiktok.com/@bankerthichcode/video/7531287500829084946,,,,,,,,573700,,37.9K
bankerthichcode,https://www.tiktok.com/@bankerthichcode/video/7530837494548466951,,,,,,,,573700,,2.2M
bankerthichcode,https://www.tiktok.com/@bankerthichcode/video/7530835951996718343,,,,,,,,573700,,106.3K
bankerthichcode,https://www.tiktok.com/@bankerthichcode/video/7529550720392023303,,,,,,,,573700,,56.7K
bankerthichcode,https://www.tiktok.com/@bankerthichcode/video/7529547333021846791,,,,,,,,573700,,978.8K
bankerthichcode,https://www.tiktok.com/@bankerthichcode/video/7529169934388169992,,,,,,,,573700,,469K
bankerthichcode,https://www.tiktok.com/@bankerthichcode/video/7529107175881460999,,,,,,,,573700,,174.7K
bankerthichcode,https://www.tiktok.com/@bankerthichcode/video/7529103922816879880,,,,,,,,573700,,365.7K
bankerthichcode,https://www.tiktok.com/@bankerthichcode/video/7528801218295123208,,,,,,,,573700,,1.2M
bankerthichcode,https://www.tiktok.com/@bankerthichcode/video/7527890530903149842,,,,,,,,573700,,58.6K
bankerthichcode,https://www.tiktok.com/@bankerthichcode/video/7527221466677480712,,,,,,,,573700,,699K
bankerthichcode,https://www.tiktok.com/@bankerthichcode/video/7527169958829198610,,,,,,,,573700,,9.1M
bankerthichcode,https://www.tiktok.com/@bankerthichcode/video/7526457483209084178,,,,,,,,573700,,10.1M
bankerthichcode,https://www.tiktok.com/@bankerthichcode/video/7526177646514834706,,,,,,,,573700,,526.1K
bankerthichcode,https://www.tiktok.com/@bankerthichcode/video/7525775382499298567,,,,,,,,573700,,86.2K
bankerthichcode,https://www.tiktok.com/@bankerthichcode/video/7525714200686054674,,,,,,,,573700,,5.3M
bankerthichcode,https://www.tiktok.com/@bankerthichcode/video/7524542895475510536,,,,,,,,573700,,1.2M
bankerthichcode,https://www.tiktok.com/@bankerthichcode/video/7523604210278026504,,,,,,,,573700,,2M
bankerthichcode,https://www.tiktok.com/@bankerthichcode/video/7523098973712682258,,,,,,,,573700,,94K
bankerthichcode,https://www.tiktok.com/@bankerthichcode/video/7523082054821580040,,,,,,,,573700,,355.7K
bankerthichcode,https://www.tiktok.com/@bankerthichcode/video/7522435289252433159,,,,,,,,573700,,8.9M
bankerthichcode,https://www.tiktok.com/@bankerthichcode/video/7521650060124294418,,,,,,,,573700,,311.9K
bankerthichcode,https://www.tiktok.com/@bankerthichcode/video/7520993678874250503,,,,,,,,573700,,370.5K
bankerthichcode,https://www.tiktok.com/@bankerthichcode/video/7520654531139570952,,,,,,,,573700,,1.2M
bankerthichcode,https://www.tiktok.com/@bankerthichcode/video/7520485097573797127,,,,,,,,573700,,53K
bankerthichcode,https://www.tiktok.com/@bankerthichcode/video/7520309443075132679,,,,,,,,573700,,241.7K
bankerthichcode,https://www.tiktok.com/@bankerthichcode/video/7519873578347580679,,,,,,,,573700,,555.5K
bankerthichcode,https://www.tiktok.com/@bankerthichcode/video/7519461885989702919,,,,,,,,573700,,451.6K
bankerthichcode,https://www.tiktok.com/@bankerthichcode/video/7519415599349468423,,,,,,,,573700,,389.5K
bankerthichcode,https://www.tiktok.com/@bankerthichcode/video/7519376381772320018,,,,,,,,573700,,655K
bankerthichcode,https://www.tiktok.com/@bankerthichcode/video/7518758771926158600,,,,,,,,573700,,282.1K
bankerthichcode,https://www.tiktok.com/@bankerthichcode/video/7518427597647203602,,,,,,,,573700,,93.4K
bankerthichcode,https://www.tiktok.com/@bankerthichcode/video/7518425554048077064,,,,,,,,573700,,136.7K
bankerthichcode,https://www.tiktok.com/@bankerthichcode/video/7518418009438833928,,,,,,,,573700,,439K
bankerthichcode,https://www.tiktok.com/@bankerthichcode/video/7516529950644636946,,,,,,,,573700,,1.2M
bankerthichcode,https://www.tiktok.com/@bankerthichcode/video/7515436314129468679,,,,,,,,573700,,1.3M
bankerthichcode,https://www.tiktok.com/@bankerthichcode/video/7513565103762050312,,,,,,,,573700,,11.5M
bankerthichcode,https://www.tiktok.com/@bankerthichcode/video/7513079207446973703,,,,,,,,573700,,2.2M
bankerthichcode,https://www.tiktok.com/@bankerthichcode/video/7512897180701625608,,,,,,,,573700,,349.5K
bankerthichcode,https://www.tiktok.com/@bankerthichcode/video/7511797301577370887,,,,,,,,573700,,331.9K
bankerthichcode,https://www.tiktok.com/@bankerthichcode/video/7511186575166819602,,,,,,,,573700,,1.4M
bankerthichcode,https://www.tiktok.com/@bankerthichcode/video/7511183922101816594,,,,,,,,573700,,193.3K
bankerthichcode,https://www.tiktok.com/@bankerthichcode/video/7510479903750491399,,,,,,,,573700,,395K
bankerthichcode,https://www.tiktok.com/@bankerthichcode/video/7510438344128515346,,,,,,,,573700,,97.4K
bankerthichcode,https://www.tiktok.com/@bankerthichcode/video/7510295213672353042,,,,,,,,573700,,1.8M
bankerthichcode,https://www.tiktok.com/@bankerthichcode/video/7509931463840746770,,,,,,,,573700,,130.8K
bankerthichcode,https://www.tiktok.com/@bankerthichcode/video/7509915929384471826,,,,,,,,573700,,540.3K
bankerthichcode,https://www.tiktok.com/@bankerthichcode/video/7509146567568346386,,,,,,,,573700,,128.7K
bankerthichcode,https://www.tiktok.com/@bankerthichcode/video/7509011234058931474,,,,,,,,573700,,173K
bankerthichcode,https://www.tiktok.com/@bankerthichcode/video/7508256565724581127,,,,,,,,573700,,89.2K
bankerthichcode,https://www.tiktok.com/@bankerthichcode/video/7508241805159255314,,,,,,,,573700,,557.7K
bankerthichcode,https://www.tiktok.com/@bankerthichcode/video/7507314991368801544,,,,,,,,573700,,269.8K
bankerthichcode,https://www.tiktok.com/@bankerthichcode/video/7506901365906623762,,,,,,,,573700,,894.5K
stevent107,https://www.tiktok.com/@stevent107/video/7604817584382364949,,,,,,,,87100,,219.6K
stevent107,https://www.tiktok.com/@stevent107/video/7613768642282507540,,,,,,,,87100,,297
stevent107,https://www.tiktok.com/@stevent107/video/7613760408851107092,,,,,,,,87100,,7679
stevent107,https://www.tiktok.com/@stevent107/video/7613595118104333589,,,,,,,,87100,,5160
stevent107,https://www.tiktok.com/@stevent107/video/7613349864285506837,,,,,,,,87100,,135.5K
stevent107,https://www.tiktok.com/@stevent107/video/7613345020623490325,,,,,,,,87100,,189.3K
stevent107,https://www.tiktok.com/@stevent107/video/7613339791744044308,,,,,,,,87100,,198.1K
stevent107,https://www.tiktok.com/@stevent107/video/7612983774556507413,,,,,,,,87100,,18.7K
stevent107,https://www.tiktok.com/@stevent107/video/7612979139783462164,,,,,,,,87100,,4728
stevent107,https://www.tiktok.com/@stevent107/video/7612942617596251412,,,,,,,,87100,,3249
stevent107,https://www.tiktok.com/@stevent107/video/7612932050546363668,,,,,,,,87100,,137.8K
stevent107,https://www.tiktok.com/@stevent107/video/7612659487249370388,,,,,,,,87100,,75.9K
stevent107,https://www.tiktok.com/@stevent107/video/7612654933699054868,,,,,,,,87100,,175.9K
stevent107,https://www.tiktok.com/@stevent107/video/7612201234879040788,,,,,,,,87100,,6352
stevent107,https://www.tiktok.com/@stevent107/video/7612191770293570836,,,,,,,,87100,,18.1K
stevent107,https://www.tiktok.com/@stevent107/video/7612148099854765333,,,,,,,,87100,,135.3K
stevent107,https://www.tiktok.com/@stevent107/video/7611872547985984789,,,,,,,,87100,,92.8K
stevent107,https://www.tiktok.com/@stevent107/video/7611818564684614933,,,,,,,,87100,,176.8K
stevent107,https://www.tiktok.com/@stevent107/video/7611571638085373204,,,,,,,,87100,,18.4K
stevent107,https://www.tiktok.com/@stevent107/video/7611493841685859605,,,,,,,,87100,,83.5K
stevent107,https://www.tiktok.com/@stevent107/video/7611488607030791445,,,,,,,,87100,,42.5K
stevent107,https://www.tiktok.com/@stevent107/video/7611183775707434261,,,,,,,,87100,,44.2K
stevent107,https://www.tiktok.com/@stevent107/video/7611176791075540244,,,,,,,,87100,,8643
stevent107,https://www.tiktok.com/@stevent107/video/7611116055439641877,,,,,,,,87100,,44.2K
stevent107,https://www.tiktok.com/@stevent107/video/7611108764585856277,,,,,,,,87100,,75.1K
stevent107,https://www.tiktok.com/@stevent107/video/7610812018211261716,,,,,,,,87100,,22.9K
stevent107,https://www.tiktok.com/@stevent107/video/7610806204809399572,,,,,,,,87100,,301.5K
stevent107,https://www.tiktok.com/@stevent107/video/7610800267927244053,,,,,,,,87100,,84.6K
stevent107,https://www.tiktok.com/@stevent107/video/7610704374649621780,,,,,,,,87100,,17.4K
stevent107,https://www.tiktok.com/@stevent107/video/7610380612523805972,,,,,,,,87100,,51.4K
stevent107,https://www.tiktok.com/@stevent107/video/7610368284839415060,,,,,,,,87100,,22.3K
stevent107,https://www.tiktok.com/@stevent107/video/7610361522254073109,,,,,,,,87100,,19.7K
stevent107,https://www.tiktok.com/@stevent107/video/7610355584096881941,,,,,,,,87100,,12.8K
stevent107,https://www.tiktok.com/@stevent107/video/7610269392663842069,,,,,,,,87100,,1007
stevent107,https://www.tiktok.com/@stevent107/video/7610002091536387349,,,,,,,,87100,,146.9K
stevent107,https://www.tiktok.com/@stevent107/video/7609993451668573461,,,,,,,,87100,,27.6K
stevent107,https://www.tiktok.com/@stevent107/video/7609982915635580180,,,,,,,,87100,,26K
stevent107,https://www.tiktok.com/@stevent107/video/7609694356890553620,,,,,,,,87100,,10.4K
stevent107,https://www.tiktok.com/@stevent107/video/7609652924678966549,,,,,,,,87100,,18.3K
stevent107,https://www.tiktok.com/@stevent107/video/7609641512233618708,,,,,,,,87100,,26.9K
stevent107,https://www.tiktok.com/@stevent107/video/7609292985380998421,,,,,,,,87100,,108.1K
stevent107,https://www.tiktok.com/@stevent107/video/7609281412172533012,,,,,,,,87100,,11.7K
stevent107,https://www.tiktok.com/@stevent107/video/7609139857323085076,,,,,,,,87100,,31K
stevent107,https://www.tiktok.com/@stevent107/video/7606948379381222677,,,,,,,,87100,,79.3K
stevent107,https://www.tiktok.com/@stevent107/video/7606580013478972693,,,,,,,,87100,,5909
stevent107,https://www.tiktok.com/@stevent107/video/7606566023306857748,,,,,,,,87100,,7825
stevent107,https://www.tiktok.com/@stevent107/video/7606541955593522453,,,,,,,,87100,,41.1K
stevent107,https://www.tiktok.com/@stevent107/video/7605979341209734421,,,,,,,,87100,,141K
stevent107,https://www.tiktok.com/@stevent107/video/7605904808188415252,,,,,,,,87100,,27.2K
stevent107,https://www.tiktok.com/@stevent107/video/7605622007367093524,,,,,,,,87100,,59K
stevent107,https://www.tiktok.com/@stevent107/video/7605613235819154708,,,,,,,,87100,,41.5K
stevent107,https://www.tiktok.com/@stevent107/video/7605206101189004565,,,,,,,,87100,,78K
stevent107,https://www.tiktok.com/@stevent107/video/7605194154913713429,,,,,,,,87100,,129.8K
stevent107,https://www.tiktok.com/@stevent107/video/7605183547116162325,,,,,,,,87100,,37.1K
stevent107,https://www.tiktok.com/@stevent107/video/7604810852797025556,,,,,,,,87100,,88.9K
stevent107,https://www.tiktok.com/@stevent107/video/7604797582795230485,,,,,,,,87100,,75.9K
stevent107,https://www.tiktok.com/@stevent107/video/7604488087724428564,,,,,,,,87100,,21K
stevent107,https://www.tiktok.com/@stevent107/video/7604464560237497620,,,,,,,,87100,,18.9K
stevent107,https://www.tiktok.com/@stevent107/video/7604450387302632725,,,,,,,,87100,,32.9K
stevent107,https://www.tiktok.com/@stevent107/video/7604397523050024212,,,,,,,,87100,,1454
stevent107,https://www.tiktok.com/@stevent107/video/7604073152120982805,,,,,,,,87100,,59.4K
stevent107,https://www.tiktok.com/@stevent107/video/7604041943881993492,,,,,,,,87100,,20.9K
stevent107,https://www.tiktok.com/@stevent107/video/7604005424966143253,,,,,,,,87100,,63.6K
stevent107,https://www.tiktok.com/@stevent107/video/7603983323727285524,,,,,,,,87100,,105.9K
stevent107,https://www.tiktok.com/@stevent107/video/7603763481925455124,,,,,,,,87100,,22.2K
stevent107,https://www.tiktok.com/@stevent107/video/7603757585057336597,,,,,,,,87100,,16.9K
stevent107,https://www.tiktok.com/@stevent107/video/7603627973148822805,,,,,,,,87100,,5366
stevent107,https://www.tiktok.com/@stevent107/video/7603616289415761173,,,,,,,,87100,,23K
stevent107,https://www.tiktok.com/@stevent107/video/7603608319441374484,,,,,,,,87100,,85.6K
stevent107,https://www.tiktok.com/@stevent107/video/7603351723666574612,,,,,,,,87100,,3692
stevent107,https://www.tiktok.com/@stevent107/video/7603341180620803349,,,,,,,,87100,,9034
stevent107,https://www.tiktok.com/@stevent107/video/7602938594726382869,,,,,,,,87100,,52.7K
stevent107,https://www.tiktok.com/@stevent107/video/7602913454051118356,,,,,,,,87100,,45.9K
stevent107,https://www.tiktok.com/@stevent107/video/7602880802350730517,,,,,,,,87100,,62.3K
stevent107,https://www.tiktok.com/@stevent107/video/7602862484151684372,,,,,,,,87100,,47.5K
stevent107,https://www.tiktok.com/@stevent107/video/7602857405487090965,,,,,,,,87100,,236.5K
stevent107,https://www.tiktok.com/@stevent107/video/7602560517244243220,,,,,,,,87100,,9956
stevent107,https://www.tiktok.com/@stevent107/video/7602501954392329492,,,,,,,,87100,,8479
stevent107,https://www.tiktok.com/@stevent107/video/7602197542620695828,,,,,,,,87100,,77.5K
stevent107,https://www.tiktok.com/@stevent107/video/7602189293028658453,,,,,,,,87100,,108.5K
stevent107,https://www.tiktok.com/@stevent107/video/7601783253925776661,,,,,,,,87100,,6553
stevent107,https://www.tiktok.com/@stevent107/video/7601761675234004245,,,,,,,,87100,,21.2K
stevent107,https://www.tiktok.com/@stevent107/video/7601480615103319316,,,,,,,,87100,,38.8K
stevent107,https://www.tiktok.com/@stevent107/video/7601452834638417173,,,,,,,,87100,,10.5K
stevent107,https://www.tiktok.com/@stevent107/video/7601419065009212693,,,,,,,,87100,,361.8K
stevent107,https://www.tiktok.com/@stevent107/video/7601100776735313173,,,,,,,,87100,,7758
stevent107,https://www.tiktok.com/@stevent107/video/7601093595625540885,,,,,,,,87100,,123.8K
stevent107,https://www.tiktok.com/@stevent107/video/7601016274805591317,,,,,,,,87100,,5563
stevent107,https://www.tiktok.com/@stevent107/video/7600751705839668501,,,,,,,,87100,,9139
stevent107,https://www.tiktok.com/@stevent107/video/7600705198067092757,,,,,,,,87100,,163.9K
stevent107,https://www.tiktok.com/@stevent107/video/7600332862780460309,,,,,,,,87100,,56K
stevent107,https://www.tiktok.com/@stevent107/video/7600241315049164052,,,,,,,,87100,,25.8K
stevent107,https://www.tiktok.com/@stevent107/video/7599981177071586581,,,,,,,,87100,,7469
stevent107,https://www.tiktok.com/@stevent107/video/7599948279262104852,,,,,,,,87100,,326.4K
stevent107,https://www.tiktok.com/@stevent107/video/7599900627732286741,,,,,,,,87100,,193.8K
stevent107,https://www.tiktok.com/@stevent107/video/7599618294026358036,,,,,,,,87100,,117.9K
stevent107,https://www.tiktok.com/@stevent107/video/7599601249503169813,,,,,,,,87100,,294.3K
stevent107,https://www.tiktok.com/@stevent107/video/7599570606320897301,,,,,,,,87100,,94.1K
stevent107,https://www.tiktok.com/@stevent107/video/7599519633288203541,,,,,,,,87100,,40.5K
stevent107,https://www.tiktok.com/@stevent107/video/7599317285379083540,,,,,,,,87100,,49.3K
stevent107,https://www.tiktok.com/@stevent107/video/7599190889885338887,,,,,,,,87100,,121.3K
stevent107,https://www.tiktok.com/@stevent107/video/7599159025418112274,,,,,,,,87100,,8631
stevent107,https://www.tiktok.com/@stevent107/video/7598861347606105351,,,,,,,,87100,,125.1K
stevent107,https://www.tiktok.com/@stevent107/video/7598831082963864840,,,,,,,,87100,,91K
stevent107,https://www.tiktok.com/@stevent107/video/7598821077476756754,,,,,,,,87100,,171.9K
stevent107,https://www.tiktok.com/@stevent107/video/7598426901522255122,,,,,,,,87100,,56K
stevent107,https://www.tiktok.com/@stevent107/video/7598388083293162760,,,,,,,,87100,,206.9K
stevent107,https://www.tiktok.com/@stevent107/video/7598136052439616776,,,,,,,,87100,,60.9K
stevent107,https://www.tiktok.com/@stevent107/video/7598093479176129800,,,,,,,,87100,,37.3K
stevent107,https://www.tiktok.com/@stevent107/video/7598033249440484615,,,,,,,,87100,,8894
stevent107,https://www.tiktok.com/@stevent107/video/7597812129156107528,,,,,,,,87100,,45.8K
stevent107,https://www.tiktok.com/@stevent107/video/7597750140027424008,,,,,,,,87100,,64.1K
stevent107,https://www.tiktok.com/@stevent107/video/7597735007980899602,,,,,,,,87100,,319.6K
stevent107,https://www.tiktok.com/@stevent107/video/7596693017562565896,,,,,,,,87100,,60.4K
stevent107,https://www.tiktok.com/@stevent107/video/7596616710950604050,,,,,,,,87100,,3666
stevent107,https://www.tiktok.com/@stevent107/video/7596593832267894034,,,,,,,,87100,,67.9K
stevent107,https://www.tiktok.com/@stevent107/video/7596288588581473544,,,,,,,,87100,,17.7K
stevent107,https://www.tiktok.com/@stevent107/video/7596157879321709831,,,,,,,,87100,,70.9K
stevent107,https://www.tiktok.com/@stevent107/video/7595897214036151570,,,,,,,,87100,,80.6K
stevent107,https://www.tiktok.com/@stevent107/video/7595827026922147090,,,,,,,,87100,,14.7K
stevent107,https://www.tiktok.com/@stevent107/video/7595498424674438407,,,,,,,,87100,,3778
stevent107,https://www.tiktok.com/@stevent107/video/7595225694389406984,,,,,,,,87100,,55.3K
stevent107,https://www.tiktok.com/@stevent107/video/7595185692670577928,,,,,,,,87100,,104.4K
stevent107,https://www.tiktok.com/@stevent107/video/7595162060640636167,,,,,,,,87100,,231.8K
stevent107,https://www.tiktok.com/@stevent107/video/7594820268791581960,,,,,,,,87100,,42.4K
stevent107,https://www.tiktok.com/@stevent107/video/7594774568032537864,,,,,,,,87100,,21.4K
stevent107,https://www.tiktok.com/@stevent107/video/7594748581437852935,,,,,,,,87100,,11.2K
stevent107,https://www.tiktok.com/@stevent107/video/7594700069266410759,,,,,,,,87100,,22.6K
stevent107,https://www.tiktok.com/@stevent107/video/7594459006442261768,,,,,,,,87100,,90.9K
stevent107,https://www.tiktok.com/@stevent107/video/7594405549244976391,,,,,,,,87100,,58.1K
stevent107,https://www.tiktok.com/@stevent107/video/7594395239327026450,,,,,,,,87100,,58.1K
stevent107,https://www.tiktok.com/@stevent107/video/7593956404331957511,,,,,,,,87100,,74K
stevent107,https://www.tiktok.com/@stevent107/video/7593703789236948242,,,,,,,,87100,,421.6K
stevent107,https://www.tiktok.com/@stevent107/video/7593670933013941522,,,,,,,,87100,,39K
stevent107,https://www.tiktok.com/@stevent107/video/7593656927553342738,,,,,,,,87100,,74.9K
stevent107,https://www.tiktok.com/@stevent107/video/7593362990448282888,,,,,,,,87100,,2409
stevent107,https://www.tiktok.com/@stevent107/video/7593360619496017170,,,,,,,,87100,,2279
stevent107,https://www.tiktok.com/@stevent107/video/7593334344064699656,,,,,,,,87100,,43.9K
stevent107,https://www.tiktok.com/@stevent107/video/7593309512442907912,,,,,,,,87100,,192.3K
stevent107,https://www.tiktok.com/@stevent107/video/7593300499722423570,,,,,,,,87100,,241K
stevent107,https://www.tiktok.com/@stevent107/video/7592991251641732359,,,,,,,,87100,,60.4K
stevent107,https://www.tiktok.com/@stevent107/video/7592959077790092552,,,,,,,,87100,,8458
stevent107,https://www.tiktok.com/@stevent107/video/7592926768823028999,,,,,,,,87100,,29.3K
stevent107,https://www.tiktok.com/@stevent107/video/7592880730972130567,,,,,,,,87100,,20.6K
stevent107,https://www.tiktok.com/@stevent107/video/7592463771960986887,,,,,,,,87100,,19.1K
stevent107,https://www.tiktok.com/@stevent107/video/7592248146948902151,,,,,,,,87100,,40.7K
stevent107,https://www.tiktok.com/@stevent107/video/7592192200247774471,,,,,,,,87100,,89.9K
stevent107,https://www.tiktok.com/@stevent107/video/7592153667935980808,,,,,,,,87100,,70.8K
stevent107,https://www.tiktok.com/@stevent107/video/7592146184840498439,,,,,,,,87100,,34.4K
stevent107,https://www.tiktok.com/@stevent107/video/7591854091366714644,,,,,,,,87100,,25.3K
stevent107,https://www.tiktok.com/@stevent107/video/7591833311534681364,,,,,,,,87100,,27.1K
stevent107,https://www.tiktok.com/@stevent107/video/7591804856596237589,,,,,,,,87100,,76.6K
stevent107,https://www.tiktok.com/@stevent107/video/7591479361832832277,,,,,,,,87100,,47.1K
stevent107,https://www.tiktok.com/@stevent107/video/7591460212339379476,,,,,,,,87100,,41K
stevent107,https://www.tiktok.com/@stevent107/video/7590952022359297300,,,,,,,,87100,,9177
stevent107,https://www.tiktok.com/@stevent107/video/7590760390414388501,,,,,,,,87100,,5180
stevent107,https://www.tiktok.com/@stevent107/video/7590719024951020821,,,,,,,,87100,,34.2K
stevent107,https://www.tiktok.com/@stevent107/video/7590363386831981845,,,,,,,,87100,,145.8K
stevent107,https://www.tiktok.com/@stevent107/video/7590333647199276309,,,,,,,,87100,,61.6K
stevent107,https://www.tiktok.com/@stevent107/video/7589947929637522709,,,,,,,,87100,,81.1K
stevent107,https://www.tiktok.com/@stevent107/video/7589596736830590228,,,,,,,,87100,,67.7K
stevent107,https://www.tiktok.com/@stevent107/video/7589567097668193557,,,,,,,,87100,,5796
stevent107,https://www.tiktok.com/@stevent107/video/7589557299384028436,,,,,,,,87100,,4097
stevent107,https://www.tiktok.com/@stevent107/video/7589260650170387732,,,,,,,,87100,,62.8K
stevent107,https://www.tiktok.com/@stevent107/video/7589244557553093908,,,,,,,,87100,,66.9K
stevent107,https://www.tiktok.com/@stevent107/video/7588853714883022100,,,,,,,,87100,,30.8K
stevent107,https://www.tiktok.com/@stevent107/video/7588835312642706709,,,,,,,,87100,,100.2K
stevent107,https://www.tiktok.com/@stevent107/video/7588798679734095124,,,,,,,,87100,,97.4K
stevent107,https://www.tiktok.com/@stevent107/video/7588451981396610324,,,,,,,,87100,,3119
stevent107,https://www.tiktok.com/@stevent107/video/7588443667862474004,,,,,,,,87100,,1640
stevent107,https://www.tiktok.com/@stevent107/video/7588137692425162005,,,,,,,,87100,,39K
stevent107,https://www.tiktok.com/@stevent107/video/7588078816292080917,,,,,,,,87100,,92.2K
stevent107,https://www.tiktok.com/@stevent107/video/7588067191992618260,,,,,,,,87100,,157.4K
stevent107,https://www.tiktok.com/@stevent107/video/7587767523848801557,,,,,,,,87100,,84.9K
stevent107,https://www.tiktok.com/@stevent107/video/7587735898251398421,,,,,,,,87100,,81.7K
stevent107,https://www.tiktok.com/@stevent107/video/7587359892894698772,,,,,,,,87100,,132.1K
stevent107,https://www.tiktok.com/@stevent107/video/7587324822028324116,,,,,,,,87100,,17.5K
stevent107,https://www.tiktok.com/@stevent107/video/7587315248223358228,,,,,,,,87100,,33.1K
stevent107,https://www.tiktok.com/@stevent107/video/7586977826704805140,,,,,,,,87100,,161.5K
stevent107,https://www.tiktok.com/@stevent107/video/7586906150474534164,,,,,,,,87100,,26.3K
stevent107,https://www.tiktok.com/@stevent107/video/7586662278242503956,,,,,,,,87100,,244.2K
stevent107,https://www.tiktok.com/@stevent107/video/7586615727600225557,,,,,,,,87100,,238.6K
stevent107,https://www.tiktok.com/@stevent107/video/7586604523049831701,,,,,,,,87100,,47K
stevent107,https://www.tiktok.com/@stevent107/video/7586210537135033620,,,,,,,,87100,,9545
stevent107,https://www.tiktok.com/@stevent107/video/7586148963972091156,,,,,,,,87100,,43.7K
stevent107,https://www.tiktok.com/@stevent107/video/7585933007027096853,,,,,,,,87100,,261.1K
stevent107,https://www.tiktok.com/@stevent107/video/7585886268895071509,,,,,,,,87100,,156.2K
stevent107,https://www.tiktok.com/@stevent107/video/7585860712287767828,,,,,,,,87100,,79.4K
stevent107,https://www.tiktok.com/@stevent107/video/7585137030724734228,,,,,,,,87100,,318K
stevent107,https://www.tiktok.com/@stevent107/video/7585086900449332501,,,,,,,,87100,,520.1K
stevent107,https://www.tiktok.com/@stevent107/video/7585032490063219989,,,,,,,,87100,,621.8K
stevent107,https://www.tiktok.com/@stevent107/video/7584780602319047957,,,,,,,,87100,,188.5K
stevent107,https://www.tiktok.com/@stevent107/video/7584699359158209812,,,,,,,,87100,,47.2K
stevent107,https://www.tiktok.com/@stevent107/video/7584295592679984404,,,,,,,,87100,,50.6K
stevent107,https://www.tiktok.com/@stevent107/video/7583681405184412948,,,,,,,,87100,,77.9K
stevent107,https://www.tiktok.com/@stevent107/video/7583616480357518612,,,,,,,,87100,,408.5K
stevent107,https://www.tiktok.com/@stevent107/video/7583603906735901973,,,,,,,,87100,,1.5M
stevent107,https://www.tiktok.com/@stevent107/video/7582963624579222805,,,,,,,,87100,,87.5K
stevent107,https://www.tiktok.com/@stevent107/video/7582871329284590869,,,,,,,,87100,,411.4K
stevent107,https://www.tiktok.com/@stevent107/video/7582859912875658516,,,,,,,,87100,,37.2K
stevent107,https://www.tiktok.com/@stevent107/video/7582471804195753237,,,,,,,,87100,,68.4K
stevent107,https://www.tiktok.com/@stevent107/video/7582413583775010069,,,,,,,,87100,,160.3K
stevent107,https://www.tiktok.com/@stevent107/video/7581791563672603912,,,,,,,,87100,,46K
stevent107,https://www.tiktok.com/@stevent107/video/7581726107754450183,,,,,,,,87100,,78.5K
stevent107,https://www.tiktok.com/@stevent107/video/7581488572293811474,,,,,,,,87100,,44.3K
stevent107,https://www.tiktok.com/@stevent107/video/7581345461655653640,,,,,,,,87100,,60.5K
stevent107,https://www.tiktok.com/@stevent107/video/7581063251644009746,,,,,,,,87100,,1.2M
stevent107,https://www.tiktok.com/@stevent107/video/7581056039567592712,,,,,,,,87100,,47K
stevent107,https://www.tiktok.com/@stevent107/video/7580777100043504904,,,,,,,,87100,,46.9K
stevent107,https://www.tiktok.com/@stevent107/video/7580304821727530258,,,,,,,,87100,,55.5K
stevent107,https://www.tiktok.com/@stevent107/video/7580298164637322514,,,,,,,,87100,,77.9K
stevent107,https://www.tiktok.com/@stevent107/video/7580230297921342728,,,,,,,,87100,,70.2K
stevent107,https://www.tiktok.com/@stevent107/video/7580010752736611602,,,,,,,,87100,,73.9K
stevent107,https://www.tiktok.com/@stevent107/video/7579914708904365319,,,,,,,,87100,,59.7K
stevent107,https://www.tiktok.com/@stevent107/video/7579215770559810834,,,,,,,,87100,,61.1K
stevent107,https://www.tiktok.com/@stevent107/video/7579202398015589640,,,,,,,,87100,,25.2K
stevent107,https://www.tiktok.com/@stevent107/video/7579157355032546567,,,,,,,,87100,,44.1K
stevent107,https://www.tiktok.com/@stevent107/video/7579125369073143058,,,,,,,,87100,,74.2K
stevent107,https://www.tiktok.com/@stevent107/video/7579111974726847762,,,,,,,,87100,,30.5K
stevent107,https://www.tiktok.com/@stevent107/video/7578837992257735943,,,,,,,,87100,,7660
stevent107,https://www.tiktok.com/@stevent107/video/7578783624481377554,,,,,,,,87100,,65K
stevent107,https://www.tiktok.com/@stevent107/video/7578367585662569746,,,,,,,,87100,,93.6K
stevent107,https://www.tiktok.com/@stevent107/video/7578001923387821320,,,,,,,,87100,,54.8K
stevent107,https://www.tiktok.com/@stevent107/video/7577685554024746258,,,,,,,,87100,,20K
stevent107,https://www.tiktok.com/@stevent107/video/7577314694516559122,,,,,,,,87100,,20.7K
stevent107,https://www.tiktok.com/@stevent107/video/7577269349497588999,,,,,,,,87100,,51.4K
stevent107,https://www.tiktok.com/@stevent107/video/7577260392905264392,,,,,,,,87100,,18.4K
stevent107,https://www.tiktok.com/@stevent107/video/7576833245610839304,,,,,,,,87100,,54.3K
stevent107,https://www.tiktok.com/@stevent107/video/7576813291587030279,,,,,,,,87100,,60K
stevent107,https://www.tiktok.com/@stevent107/video/7576694397857762567,,,,,,,,87100,,44.1K
stevent107,https://www.tiktok.com/@stevent107/video/7576176838133697810,,,,,,,,87100,,145.4K
luuluongchiasenews,https://www.tiktok.com/@luuluongchiasenews/video/7602326175456791821,,,,,,,,417700,,3.9M
luuluongchiasenews,https://www.tiktok.com/@luuluongchiasenews/video/7588704447690263821,,,,,,,,417700,,2.4M
luuluongchiasenews,https://www.tiktok.com/@luuluongchiasenews/video/7605432748341218574,,,,,,,,417700,,1.5M
luuluongchiasenews,https://www.tiktok.com/@luuluongchiasenews/video/7613613581581438238,,,,,,,,417700,,271.9K
luuluongchiasenews,https://www.tiktok.com/@luuluongchiasenews/video/7613593853391605022,,,,,,,,417700,,371.8K
luuluongchiasenews,https://www.tiktok.com/@luuluongchiasenews/video/7613549173966703902,,,,,,,,417700,,118.5K
luuluongchiasenews,https://www.tiktok.com/@luuluongchiasenews/video/7613533970776493342,,,,,,,,417700,,11.4K
luuluongchiasenews,https://www.tiktok.com/@luuluongchiasenews/video/7613459056925232415,,,,,,,,417700,,23.6K
luuluongchiasenews,https://www.tiktok.com/@luuluongchiasenews/video/7613433119508679966,,,,,,,,417700,,300.6K
luuluongchiasenews,https://www.tiktok.com/@luuluongchiasenews/video/7613293587819744543,,,,,,,,417700,,1.1M
luuluongchiasenews,https://www.tiktok.com/@luuluongchiasenews/video/7613280884116032799,,,,,,,,417700,,394.4K
luuluongchiasenews,https://www.tiktok.com/@luuluongchiasenews/video/7613243233140886814,,,,,,,,417700,,188.6K
luuluongchiasenews,https://www.tiktok.com/@luuluongchiasenews/video/7613218206953524510,,,,,,,,417700,,62.2K
luuluongchiasenews,https://www.tiktok.com/@luuluongchiasenews/video/7613111636651494686,,,,,,,,417700,,141.1K
luuluongchiasenews,https://www.tiktok.com/@luuluongchiasenews/video/7613058916682960158,,,,,,,,417700,,1.1M
luuluongchiasenews,https://www.tiktok.com/@luuluongchiasenews/video/7612913229869665550,,,,,,,,417700,,1.3M
luuluongchiasenews,https://www.tiktok.com/@luuluongchiasenews/video/7612881007955479821,,,,,,,,417700,,307K
luuluongchiasenews,https://www.tiktok.com/@luuluongchiasenews/video/7612819519509171470,,,,,,,,417700,,656.1K
luuluongchiasenews,https://www.tiktok.com/@luuluongchiasenews/video/7612789696900451597,,,,,,,,417700,,29.2K
luuluongchiasenews,https://www.tiktok.com/@luuluongchiasenews/video/7612766202254970125,,,,,,,,417700,,715K
luuluongchiasenews,https://www.tiktok.com/@luuluongchiasenews/video/7612724332313300238,,,,,,,,417700,,484.9K
luuluongchiasenews,https://www.tiktok.com/@luuluongchiasenews/video/7612691471220673806,,,,,,,,417700,,133.4K
luuluongchiasenews,https://www.tiktok.com/@luuluongchiasenews/video/7612541708328291597,,,,,,,,417700,,1.7M
luuluongchiasenews,https://www.tiktok.com/@luuluongchiasenews/video/7612509587798773006,,,,,,,,417700,,1.4M
luuluongchiasenews,https://www.tiktok.com/@luuluongchiasenews/video/7612492171148659982,,,,,,,,417700,,663.6K
luuluongchiasenews,https://www.tiktok.com/@luuluongchiasenews/video/7612477776343469325,,,,,,,,417700,,886.5K
luuluongchiasenews,https://www.tiktok.com/@luuluongchiasenews/video/7612342460907375886,,,,,,,,417700,,139K
luuluongchiasenews,https://www.tiktok.com/@luuluongchiasenews/video/7612330524832648462,,,,,,,,417700,,213.8K
luuluongchiasenews,https://www.tiktok.com/@luuluongchiasenews/video/7612134131874483469,,,,,,,,417700,,1.9M
luuluongchiasenews,https://www.tiktok.com/@luuluongchiasenews/video/7612087644410973453,,,,,,,,417700,,1.4M
luuluongchiasenews,https://www.tiktok.com/@luuluongchiasenews/video/7612047021226069262,,,,,,,,417700,,610.3K
luuluongchiasenews,https://www.tiktok.com/@luuluongchiasenews/video/7612027934571908365,,,,,,,,417700,,293.2K
luuluongchiasenews,https://www.tiktok.com/@luuluongchiasenews/video/7611906903525903629,,,,,,,,417700,,235.6K
luuluongchiasenews,https://www.tiktok.com/@luuluongchiasenews/video/7611885785263967501,,,,,,,,417700,,489.4K
luuluongchiasenews,https://www.tiktok.com/@luuluongchiasenews/video/7611864635179912461,,,,,,,,417700,,303.7K
luuluongchiasenews,https://www.tiktok.com/@luuluongchiasenews/video/7611739715246591245,,,,,,,,417700,,255.3K
luuluongchiasenews,https://www.tiktok.com/@luuluongchiasenews/video/7611705658945047822,,,,,,,,417700,,302.5K
luuluongchiasenews,https://www.tiktok.com/@luuluongchiasenews/video/7611640964792356110,,,,,,,,417700,,198.6K
luuluongchiasenews,https://www.tiktok.com/@luuluongchiasenews/video/7611631780730326285,,,,,,,,417700,,150.7K
luuluongchiasenews,https://www.tiktok.com/@luuluongchiasenews/video/7611586339066137869,,,,,,,,417700,,206.8K
luuluongchiasenews,https://www.tiktok.com/@luuluongchiasenews/video/7611571270370512142,,,,,,,,417700,,465.5K
luuluongchiasenews,https://www.tiktok.com/@luuluongchiasenews/video/7611421928791739661,,,,,,,,417700,,723.9K
luuluongchiasenews,https://www.tiktok.com/@luuluongchiasenews/video/7611383262652517645,,,,,,,,417700,,152.2K
luuluongchiasenews,https://www.tiktok.com/@luuluongchiasenews/video/7611315145930722574,,,,,,,,417700,,28.4K
luuluongchiasenews,https://www.tiktok.com/@luuluongchiasenews/video/7611283558522522894,,,,,,,,417700,,129.3K
luuluongchiasenews,https://www.tiktok.com/@luuluongchiasenews/video/7611271984961293582,,,,,,,,417700,,558.2K
luuluongchiasenews,https://www.tiktok.com/@luuluongchiasenews/video/7611227622063885582,,,,,,,,417700,,273.6K
luuluongchiasenews,https://www.tiktok.com/@luuluongchiasenews/video/7611204442368593166,,,,,,,,417700,,504.9K
luuluongchiasenews,https://www.tiktok.com/@luuluongchiasenews/video/7611020546901314830,,,,,,,,417700,,298.5K
luuluongchiasenews,https://www.tiktok.com/@luuluongchiasenews/video/7610958396614839565,,,,,,,,417700,,272.7K
luuluongchiasenews,https://www.tiktok.com/@luuluongchiasenews/video/7610916761940020493,,,,,,,,417700,,672K
luuluongchiasenews,https://www.tiktok.com/@luuluongchiasenews/video/7610858699728375054,,,,,,,,417700,,249.8K
luuluongchiasenews,https://www.tiktok.com/@luuluongchiasenews/video/7610827737716083982,,,,,,,,417700,,918K
luuluongchiasenews,https://www.tiktok.com/@luuluongchiasenews/video/7610815530286533902,,,,,,,,417700,,611K
luuluongchiasenews,https://www.tiktok.com/@luuluongchiasenews/video/7610683407009352974,,,,,,,,417700,,308.8K
luuluongchiasenews,https://www.tiktok.com/@luuluongchiasenews/video/7610596173447023886,,,,,,,,417700,,543.7K
luuluongchiasenews,https://www.tiktok.com/@luuluongchiasenews/video/7610572719180090637,,,,,,,,417700,,1.2M
luuluongchiasenews,https://www.tiktok.com/@luuluongchiasenews/video/7610565015220817165,,,,,,,,417700,,100.5K
luuluongchiasenews,https://www.tiktok.com/@luuluongchiasenews/video/7610481810228743438,,,,,,,,417700,,151.3K
luuluongchiasenews,https://www.tiktok.com/@luuluongchiasenews/video/7610457365283884301,,,,,,,,417700,,1.3M
luuluongchiasenews,https://www.tiktok.com/@luuluongchiasenews/video/7610327051375021325,,,,,,,,417700,,88K
luuluongchiasenews,https://www.tiktok.com/@luuluongchiasenews/video/7610310654691429645,,,,,,,,417700,,93.9K
luuluongchiasenews,https://www.tiktok.com/@luuluongchiasenews/video/7610258971554778381,,,,,,,,417700,,169K
luuluongchiasenews,https://www.tiktok.com/@luuluongchiasenews/video/7610217890876230926,,,,,,,,417700,,743.2K
luuluongchiasenews,https://www.tiktok.com/@luuluongchiasenews/video/7610169071081999629,,,,,,,,417700,,374.3K
luuluongchiasenews,https://www.tiktok.com/@luuluongchiasenews/video/7610108436793036046,,,,,,,,417700,,1.6M
luuluongchiasenews,https://www.tiktok.com/@luuluongchiasenews/video/7610095421427338509,,,,,,,,417700,,443.3K
luuluongchiasenews,https://www.tiktok.com/@luuluongchiasenews/video/7609940155436174606,,,,,,,,417700,,4.1M
luuluongchiasenews,https://www.tiktok.com/@luuluongchiasenews/video/7609899873705463053,,,,,,,,417700,,1.5M
luuluongchiasenews,https://www.tiktok.com/@luuluongchiasenews/video/7609864604692270350,,,,,,,,417700,,711.7K
luuluongchiasenews,https://www.tiktok.com/@luuluongchiasenews/video/7609853191458409742,,,,,,,,417700,,170K
luuluongchiasenews,https://www.tiktok.com/@luuluongchiasenews/video/7609734254167117069,,,,,,,,417700,,72.7K
luuluongchiasenews,https://www.tiktok.com/@luuluongchiasenews/video/7609555666163862798,,,,,,,,417700,,113.8K
luuluongchiasenews,https://www.tiktok.com/@luuluongchiasenews/video/7609462568763084045,,,,,,,,417700,,1.5M
luuluongchiasenews,https://www.tiktok.com/@luuluongchiasenews/video/7609428582892408078,,,,,,,,417700,,462.2K
luuluongchiasenews,https://www.tiktok.com/@luuluongchiasenews/video/7609411633084992782,,,,,,,,417700,,248K
luuluongchiasenews,https://www.tiktok.com/@luuluongchiasenews/video/7609377251901181198,,,,,,,,417700,,84.4K
luuluongchiasenews,https://www.tiktok.com/@luuluongchiasenews/video/7609353630067592461,,,,,,,,417700,,44.6K
luuluongchiasenews,https://www.tiktok.com/@luuluongchiasenews/video/7609343843275689229,,,,,,,,417700,,100.7K
luuluongchiasenews,https://www.tiktok.com/@luuluongchiasenews/video/7609152356579691789,,,,,,,,417700,,42.4K
luuluongchiasenews,https://www.tiktok.com/@luuluongchiasenews/video/7609111429756554510,,,,,,,,417700,,238.6K
luuluongchiasenews,https://www.tiktok.com/@luuluongchiasenews/video/7609101396184485134,,,,,,,,417700,,237.6K
luuluongchiasenews,https://www.tiktok.com/@luuluongchiasenews/video/7609090491308625165,,,,,,,,417700,,214.2K
luuluongchiasenews,https://www.tiktok.com/@luuluongchiasenews/video/7609059426225409293,,,,,,,,417700,,13.1K
luuluongchiasenews,https://www.tiktok.com/@luuluongchiasenews/video/7609046312058686733,,,,,,,,417700,,65.5K
luuluongchiasenews,https://www.tiktok.com/@luuluongchiasenews/video/7608967461077060878,,,,,,,,417700,,64.7K
luuluongchiasenews,https://www.tiktok.com/@luuluongchiasenews/video/7608808322824670478,,,,,,,,417700,,236.8K
luuluongchiasenews,https://www.tiktok.com/@luuluongchiasenews/video/7608730554023955726,,,,,,,,417700,,326.1K
luuluongchiasenews,https://www.tiktok.com/@luuluongchiasenews/video/7608706952142556429,,,,,,,,417700,,404.2K
luuluongchiasenews,https://www.tiktok.com/@luuluongchiasenews/video/7608632837020929294,,,,,,,,417700,,135.2K
luuluongchiasenews,https://www.tiktok.com/@luuluongchiasenews/video/7608620609815235853,,,,,,,,417700,,92.8K
luuluongchiasenews,https://www.tiktok.com/@luuluongchiasenews/video/7608608288388697357,,,,,,,,417700,,26.7K
luuluongchiasenews,https://www.tiktok.com/@luuluongchiasenews/video/7608452403209325838,,,,,,,,417700,,282.7K
luuluongchiasenews,https://www.tiktok.com/@luuluongchiasenews/video/7608440877094096142,,,,,,,,417700,,717.7K
luuluongchiasenews,https://www.tiktok.com/@luuluongchiasenews/video/7608398348067949837,,,,,,,,417700,,173K
luuluongchiasenews,https://www.tiktok.com/@luuluongchiasenews/video/7608362300541553934,,,,,,,,417700,,378.8K
luuluongchiasenews,https://www.tiktok.com/@luuluongchiasenews/video/7608318741364870414,,,,,,,,417700,,120.9K
luuluongchiasenews,https://www.tiktok.com/@luuluongchiasenews/video/7608093545047641357,,,,,,,,417700,,22.2K
luuluongchiasenews,https://www.tiktok.com/@luuluongchiasenews/video/7608021040303852814,,,,,,,,417700,,13K
luuluongchiasenews,https://www.tiktok.com/@luuluongchiasenews/video/7607868804269362445,,,,,,,,417700,,3.6M
luuluongchiasenews,https://www.tiktok.com/@luuluongchiasenews/video/7607651759229603085,,,,,,,,417700,,147.9K
luuluongchiasenews,https://www.tiktok.com/@luuluongchiasenews/video/7607637241849990413,,,,,,,,417700,,32.4K
luuluongchiasenews,https://www.tiktok.com/@luuluongchiasenews/video/7607540746505194766,,,,,,,,417700,,15.1K
luuluongchiasenews,https://www.tiktok.com/@luuluongchiasenews/video/7607525232676506893,,,,,,,,417700,,282.9K
luuluongchiasenews,https://www.tiktok.com/@luuluongchiasenews/video/7607365876123307277,,,,,,,,417700,,78.6K
luuluongchiasenews,https://www.tiktok.com/@luuluongchiasenews/video/7607350301498133773,,,,,,,,417700,,68.2K
luuluongchiasenews,https://www.tiktok.com/@luuluongchiasenews/video/7607319857805135117,,,,,,,,417700,,107.1K
luuluongchiasenews,https://www.tiktok.com/@luuluongchiasenews/video/7607291618550402318,,,,,,,,417700,,1.3M
luuluongchiasenews,https://www.tiktok.com/@luuluongchiasenews/video/7607141170438737165,,,,,,,,417700,,1.5M
luuluongchiasenews,https://www.tiktok.com/@luuluongchiasenews/video/7607108233488010509,,,,,,,,417700,,251.2K
luuluongchiasenews,https://www.tiktok.com/@luuluongchiasenews/video/7606973474778680589,,,,,,,,417700,,380.9K
luuluongchiasenews,https://www.tiktok.com/@luuluongchiasenews/video/7606959374375881998,,,,,,,,417700,,90K
luuluongchiasenews,https://www.tiktok.com/@luuluongchiasenews/video/7606919669047463181,,,,,,,,417700,,2.5M
luuluongchiasenews,https://www.tiktok.com/@luuluongchiasenews/video/7606877980559723789,,,,,,,,417700,,2.8M
luuluongchiasenews,https://www.tiktok.com/@luuluongchiasenews/video/7606751967129521422,,,,,,,,417700,,5M
luuluongchiasenews,https://www.tiktok.com/@luuluongchiasenews/video/7606593628626029837,,,,,,,,417700,,61.1K
luuluongchiasenews,https://www.tiktok.com/@luuluongchiasenews/video/7606556606981065998,,,,,,,,417700,,7.3M
luuluongchiasenews,https://www.tiktok.com/@luuluongchiasenews/video/7606540323329903885,,,,,,,,417700,,526.9K
luuluongchiasenews,https://www.tiktok.com/@luuluongchiasenews/video/7606503381389118733,,,,,,,,417700,,129.5K
luuluongchiasenews,https://www.tiktok.com/@luuluongchiasenews/video/7606478464241257741,,,,,,,,417700,,147.7K
luuluongchiasenews,https://www.tiktok.com/@luuluongchiasenews/video/7606388195357396238,,,,,,,,417700,,261.1K
luuluongchiasenews,https://www.tiktok.com/@luuluongchiasenews/video/7606366698073083150,,,,,,,,417700,,268.5K
luuluongchiasenews,https://www.tiktok.com/@luuluongchiasenews/video/7606348389734780173,,,,,,,,417700,,147.9K
luuluongchiasenews,https://www.tiktok.com/@luuluongchiasenews/video/7606241237015727373,,,,,,,,417700,,127.7K
luuluongchiasenews,https://www.tiktok.com/@luuluongchiasenews/video/7606228546402471182,,,,,,,,417700,,445.3K
luuluongchiasenews,https://www.tiktok.com/@luuluongchiasenews/video/7606197243481246990,,,,,,,,417700,,2.4M
luuluongchiasenews,https://www.tiktok.com/@luuluongchiasenews/video/7606148932812492046,,,,,,,,417700,,206.1K
luuluongchiasenews,https://www.tiktok.com/@luuluongchiasenews/video/7606137155517287693,,,,,,,,417700,,149.8K
luuluongchiasenews,https://www.tiktok.com/@luuluongchiasenews/video/7606116673518603534,,,,,,,,417700,,305K
luuluongchiasenews,https://www.tiktok.com/@luuluongchiasenews/video/7606016084545670414,,,,,,,,417700,,868.4K
luuluongchiasenews,https://www.tiktok.com/@luuluongchiasenews/video/7605984298537176333,,,,,,,,417700,,567.5K
luuluongchiasenews,https://www.tiktok.com/@luuluongchiasenews/video/7605963544483400974,,,,,,,,417700,,121K
luuluongchiasenews,https://www.tiktok.com/@luuluongchiasenews/video/7605836521190460686,,,,,,,,417700,,1.9M
luuluongchiasenews,https://www.tiktok.com/@luuluongchiasenews/video/7605811431711296782,,,,,,,,417700,,761.7K
luuluongchiasenews,https://www.tiktok.com/@luuluongchiasenews/video/7605764560263400717,,,,,,,,417700,,1.4M
luuluongchiasenews,https://www.tiktok.com/@luuluongchiasenews/video/7605748590157286669,,,,,,,,417700,,517.3K
luuluongchiasenews,https://www.tiktok.com/@luuluongchiasenews/video/7605711161559944461,,,,,,,,417700,,297.2K
luuluongchiasenews,https://www.tiktok.com/@luuluongchiasenews/video/7605702601212054798,,,,,,,,417700,,269.7K
luuluongchiasenews,https://www.tiktok.com/@luuluongchiasenews/video/7605641923977579790,,,,,,,,417700,,181.3K
luuluongchiasenews,https://www.tiktok.com/@luuluongchiasenews/video/7605523515361545485,,,,,,,,417700,,111.1K
luuluongchiasenews,https://www.tiktok.com/@luuluongchiasenews/video/7605504123080920333,,,,,,,,417700,,1.2M
luuluongchiasenews,https://www.tiktok.com/@luuluongchiasenews/video/7605480687314980109,,,,,,,,417700,,93.9K
luuluongchiasenews,https://www.tiktok.com/@luuluongchiasenews/video/7605470044688043278,,,,,,,,417700,,21.1K
luuluongchiasenews,https://www.tiktok.com/@luuluongchiasenews/video/7605399206764858638,,,,,,,,417700,,518.1K
luuluongchiasenews,https://www.tiktok.com/@luuluongchiasenews/video/7605362598552309005,,,,,,,,417700,,2.6M
luuluongchiasenews,https://www.tiktok.com/@luuluongchiasenews/video/7605295944917110030,,,,,,,,417700,,664.6K
luuluongchiasenews,https://www.tiktok.com/@luuluongchiasenews/video/7605123130452987149,,,,,,,,417700,,104K
luuluongchiasenews,https://www.tiktok.com/@luuluongchiasenews/video/7605109162388901133,,,,,,,,417700,,158K
luuluongchiasenews,https://www.tiktok.com/@luuluongchiasenews/video/7605094618706791693,,,,,,,,417700,,14.5K
luuluongchiasenews,https://www.tiktok.com/@luuluongchiasenews/video/7605061703578979598,,,,,,,,417700,,1.7M
luuluongchiasenews,https://www.tiktok.com/@luuluongchiasenews/video/7605051332659039502,,,,,,,,417700,,362.7K
luuluongchiasenews,https://www.tiktok.com/@luuluongchiasenews/video/7604920654944554254,,,,,,,,417700,,170.6K
luuluongchiasenews,https://www.tiktok.com/@luuluongchiasenews/video/7604877832149355790,,,,,,,,417700,,41.7K
luuluongchiasenews,https://www.tiktok.com/@luuluongchiasenews/video/7604868000117755150,,,,,,,,417700,,361.6K
luuluongchiasenews,https://www.tiktok.com/@luuluongchiasenews/video/7604764147720408334,,,,,,,,417700,,504.7K
luuluongchiasenews,https://www.tiktok.com/@luuluongchiasenews/video/7604752573127544078,,,,,,,,417700,,134.6K
luuluongchiasenews,https://www.tiktok.com/@luuluongchiasenews/video/7604677424235695373,,,,,,,,417700,,216K
luuluongchiasenews,https://www.tiktok.com/@luuluongchiasenews/video/7604603154092608782,,,,,,,,417700,,19.2K
luuluongchiasenews,https://www.tiktok.com/@luuluongchiasenews/video/7604551084815781133,,,,,,,,417700,,1.7M
luuluongchiasenews,https://www.tiktok.com/@luuluongchiasenews/video/7604459110041423118,,,,,,,,417700,,3.4M
luuluongchiasenews,https://www.tiktok.com/@luuluongchiasenews/video/7604433167952514317,,,,,,,,417700,,104.5K
luuluongchiasenews,https://www.tiktok.com/@luuluongchiasenews/video/7604415942394744077,,,,,,,,417700,,76.3K
luuluongchiasenews,https://www.tiktok.com/@luuluongchiasenews/video/7604334362565332237,,,,,,,,417700,,21.2K
luuluongchiasenews,https://www.tiktok.com/@luuluongchiasenews/video/7604296914741234957,,,,,,,,417700,,113.4K
luuluongchiasenews,https://www.tiktok.com/@luuluongchiasenews/video/7604285838964395278,,,,,,,,417700,,242.8K
luuluongchiasenews,https://www.tiktok.com/@luuluongchiasenews/video/7604185034001517838,,,,,,,,417700,,16K
luuluongchiasenews,https://www.tiktok.com/@luuluongchiasenews/video/7604096714827484430,,,,,,,,417700,,262.9K
luuluongchiasenews,https://www.tiktok.com/@luuluongchiasenews/video/7604080987160579341,,,,,,,,417700,,67.6K
luuluongchiasenews,https://www.tiktok.com/@luuluongchiasenews/video/7604071711658478862,,,,,,,,417700,,729.8K
luuluongchiasenews,https://www.tiktok.com/@luuluongchiasenews/video/7604049417313848589,,,,,,,,417700,,230.7K
luuluongchiasenews,https://www.tiktok.com/@luuluongchiasenews/video/7603944539174243597,,,,,,,,417700,,147.7K
luuluongchiasenews,https://www.tiktok.com/@luuluongchiasenews/video/7603933258010692878,,,,,,,,417700,,2.3M
luuluongchiasenews,https://www.tiktok.com/@luuluongchiasenews/video/7603888769070025998,,,,,,,,417700,,248.3K
luuluongchiasenews,https://www.tiktok.com/@luuluongchiasenews/video/7603822284255661326,,,,,,,,417700,,2M
luuluongchiasenews,https://www.tiktok.com/@luuluongchiasenews/video/7603808909073124621,,,,,,,,417700,,607.1K
luuluongchiasenews,https://www.tiktok.com/@luuluongchiasenews/video/7603679366370856205,,,,,,,,417700,,209.2K
luuluongchiasenews,https://www.tiktok.com/@luuluongchiasenews/video/7603640973133958414,,,,,,,,417700,,363.4K
luuluongchiasenews,https://www.tiktok.com/@luuluongchiasenews/video/7603583765583121678,,,,,,,,417700,,87.4K
luuluongchiasenews,https://www.tiktok.com/@luuluongchiasenews/video/7603548002464058637,,,,,,,,417700,,399.9K
luuluongchiasenews,https://www.tiktok.com/@luuluongchiasenews/video/7603513722430049550,,,,,,,,417700,,65.6K
luuluongchiasenews,https://www.tiktok.com/@luuluongchiasenews/video/7603502248567541005,,,,,,,,417700,,2M
luuluongchiasenews,https://www.tiktok.com/@luuluongchiasenews/video/7603382818382679310,,,,,,,,417700,,202.9K
luuluongchiasenews,https://www.tiktok.com/@luuluongchiasenews/video/7603242194232823053,,,,,,,,417700,,1.2M
luuluongchiasenews,https://www.tiktok.com/@luuluongchiasenews/video/7603202121474772238,,,,,,,,417700,,452K
luuluongchiasenews,https://www.tiktok.com/@luuluongchiasenews/video/7603143032900226317,,,,,,,,417700,,19.5K
luuluongchiasenews,https://www.tiktok.com/@luuluongchiasenews/video/7603136136822803726,,,,,,,,417700,,429.1K
luuluongchiasenews,https://www.tiktok.com/@luuluongchiasenews/video/7603110143278058765,,,,,,,,417700,,45K
luuluongchiasenews,https://www.tiktok.com/@luuluongchiasenews/video/7603054326155578637,,,,,,,,417700,,1.2M
luuluongchiasenews,https://www.tiktok.com/@luuluongchiasenews/video/7603045895613074701,,,,,,,,417700,,594.7K
luuluongchiasenews,https://www.tiktok.com/@luuluongchiasenews/video/7602849619424349454,,,,,,,,417700,,121K
luuluongchiasenews,https://www.tiktok.com/@luuluongchiasenews/video/7602803514951191821,,,,,,,,417700,,1.4M
luuluongchiasenews,https://www.tiktok.com/@luuluongchiasenews/video/7602791484722597133,,,,,,,,417700,,826.6K
luuluongchiasenews,https://www.tiktok.com/@luuluongchiasenews/video/7602756497969384717,,,,,,,,417700,,367.7K
luuluongchiasenews,https://www.tiktok.com/@luuluongchiasenews/video/7602740493277056270,,,,,,,,417700,,702.7K
luuluongchiasenews,https://www.tiktok.com/@luuluongchiasenews/video/7602541321252916494,,,,,,,,417700,,136.6K
luuluongchiasenews,https://www.tiktok.com/@luuluongchiasenews/video/7602479114263563575,,,,,,,,417700,,82.4K
luuluongchiasenews,https://www.tiktok.com/@luuluongchiasenews/video/7602464033702153527,,,,,,,,417700,,58.9K
luuluongchiasenews,https://www.tiktok.com/@luuluongchiasenews/video/7602412797011479863,,,,,,,,417700,,447.4K
luuluongchiasenews,https://www.tiktok.com/@luuluongchiasenews/video/7602398464617565495,,,,,,,,417700,,2.3M
luuluongchiasenews,https://www.tiktok.com/@luuluongchiasenews/video/7602389019992919310,,,,,,,,417700,,1.1M
luuluongchiasenews,https://www.tiktok.com/@luuluongchiasenews/video/7602151384984620302,,,,,,,,417700,,127.4K
luuluongchiasenews,https://www.tiktok.com/@luuluongchiasenews/video/7602105619650219319,,,,,,,,417700,,364.5K
luuluongchiasenews,https://www.tiktok.com/@luuluongchiasenews/video/7602088129826131255,,,,,,,,417700,,730.6K
luuluongchiasenews,https://www.tiktok.com/@luuluongchiasenews/video/7602047756785519885,,,,,,,,417700,,136.7K
luuluongchiasenews,https://www.tiktok.com/@luuluongchiasenews/video/7601918467691875639,,,,,,,,417700,,46.9K
luuluongchiasenews,https://www.tiktok.com/@luuluongchiasenews/video/7601808684905286925,,,,,,,,417700,,115.2K
luuluongchiasenews,https://www.tiktok.com/@luuluongchiasenews/video/7601745552459500855,,,,,,,,417700,,387.3K
luuluongchiasenews,https://www.tiktok.com/@luuluongchiasenews/video/7601719681426246925,,,,,,,,417700,,695.2K
luuluongchiasenews,https://www.tiktok.com/@luuluongchiasenews/video/7601685092385180942,,,,,,,,417700,,700.9K
luuluongchiasenews,https://www.tiktok.com/@luuluongchiasenews/video/7601642736197881143,,,,,,,,417700,,1.3M
luuluongchiasenews,https://www.tiktok.com/@luuluongchiasenews/video/7601448646713822477,,,,,,,,417700,,41.7K
luuluongchiasenews,https://www.tiktok.com/@luuluongchiasenews/video/7601434848930123022,,,,,,,,417700,,191.8K
luuluongchiasenews,https://www.tiktok.com/@luuluongchiasenews/video/7601352702374759735,,,,,,,,417700,,453.7K
luuluongchiasenews,https://www.tiktok.com/@luuluongchiasenews/video/7601326333758836023,,,,,,,,417700,,67.2K
luuluongchiasenews,https://www.tiktok.com/@luuluongchiasenews/video/7601289709863603469,,,,,,,,417700,,1M
luuluongchiasenews,https://www.tiktok.com/@luuluongchiasenews/video/7601266215012601102,,,,,,,,417700,,38.2K
luuluongchiasenews,https://www.tiktok.com/@luuluongchiasenews/video/7601214407007325454,,,,,,,,417700,,281.3K
luuluongchiasenews,https://www.tiktok.com/@luuluongchiasenews/video/7601188981602012430,,,,,,,,417700,,155.2K
luuluongchiasenews,https://www.tiktok.com/@luuluongchiasenews/video/7601030984930299149,,,,,,,,417700,,334.2K
luuluongchiasenews,https://www.tiktok.com/@luuluongchiasenews/video/7600989546192391437,,,,,,,,417700,,133.6K
luuluongchiasenews,https://www.tiktok.com/@luuluongchiasenews/video/7600935692339875085,,,,,,,,417700,,319.2K
luuluongchiasenews,https://www.tiktok.com/@luuluongchiasenews/video/7600690070374354231,,,,,,,,417700,,2.2M
luuluongchiasenews,https://www.tiktok.com/@luuluongchiasenews/video/7600631977900903694,,,,,,,,417700,,487K
luuluongchiasenews,https://www.tiktok.com/@luuluongchiasenews/video/7600577192329809166,,,,,,,,417700,,1.3M
luuluongchiasenews,https://www.tiktok.com/@luuluongchiasenews/video/7600461474976320823,,,,,,,,417700,,714.7K
luuluongchiasenews,https://www.tiktok.com/@luuluongchiasenews/video/7600433697921174798,,,,,,,,417700,,190K
luuluongchiasenews,https://www.tiktok.com/@luuluongchiasenews/video/7600256833202261278,,,,,,,,417700,,235.8K
luuluongchiasenews,https://www.tiktok.com/@luuluongchiasenews/video/7600244625831365919,,,,,,,,417700,,163.1K
luuluongchiasenews,https://www.tiktok.com/@luuluongchiasenews/video/7600163059633605918,,,,,,,,417700,,24.2K
luuluongchiasenews,https://www.tiktok.com/@luuluongchiasenews/video/7600102376564968735,,,,,,,,417700,,29.3K
luuluongchiasenews,https://www.tiktok.com/@luuluongchiasenews/video/7599930122048654622,,,,,,,,417700,,315.5K